Workbook

Sheet 1. Фізична доступність
B2: Розділ | C2: Показник | D2: Оцінювання - ДАТА 1 | E2: Оцінювання - ДАТА 2 | F2: Оцінювання - ДАТА 3 | G2: Поточна динаміка по розділу
B3: 1. Доступ до будівлі ззовні (зовнішнє середовище)
B4: Паркування | C4: Розташування до 50 м до головного входу (до доступного входу) | G4: =IF(D4="","",IF(D4="Так",2,0)) | H4: =IF(E4="","",IF(E4="Так",2,0)) | I4: =IF(F4="","",IF(F4="Так",2,0))
C5: Розмір паркувального місця: - ширина 3,5 м; - довжина 6 м | G5: =IF(D5="","",IF(D5="Так",2,0)) | H5: =IF(E5="","",IF(E5="Так",2,0)) | I5: =IF(F5="","",IF(F5="Так",2,0)) | K5: Так
C6: Таких місць є від 10% від загальної кількості, але не менше одного | G6: =IF(D6="","",IF(D6="Так",2,0)) | H6: =IF(E6="","",IF(E6="Так",2,0)) | I6: =IF(F6="","",IF(F6="Так",2,0)) | K6: Ні
C7: Наявна горизонтальна та вертикальна розмітка | G7: =IF(D7="","",IF(D7="Так",2,0)) | H7: =IF(E7="","",IF(E7="Так",2,0)) | I7: =IF(F7="","",IF(F7="Так",2,0))
B8: Шлях руху ззовні | C8: Ширина входу на прилеглу територію та ширина дверей, хвірток (за наявності) становить не менше ніж 0,9 метра у просвіті | G8: =IF(D8="","",IF(D8="Так",2,0)) | H8: =IF(E8="","",IF(E8="Так",2,0)) | I8: =IF(F8="","",IF(F8="Так",2,0))
C9: Ширина пішохідних доріжок із зустрічним рухом по всій довжині становить не менше ніж 1,8 метра | G9: =IF(D9="","",IF(D9="Так",2,0)) | H9: =IF(E9="","",IF(E9="Так",2,0)) | I9: =IF(F9="","",IF(F9="Так",2,0)) | K9: Столбец1 | L9: =D2 -> Оцінювання - ДАТА 1 | M9: =E2 -> Оцінювання - ДАТА 2 | N9: =F2 -> Оцінювання - ДАТА 3
C10: Покриття пішохідних доріжок, тротуарів та пандусів є рівним, без вибоїн | G10: =IF(D10="","",IF(D10="Так",2,0)) | H10: =IF(E10="","",IF(E10="Так",2,0)) | I10: =IF(F10="","",IF(F10="Так",2,0)) | K10: Виконано | L10: =COUNTIF(G4:G15,2) -> 0 | M10: =COUNTIF(H4:H15,2) -> 0 | N10: =COUNTIF(I4:I15,2) -> 0
C11: Покриття пішохідних доріжок, тротуарів і пандусів не містить насипних або крупноструктурних матеріалів | G11: =IF(D11="","",IF(D11="Так",2,0)) | H11: =IF(E11="","",IF(E11="Так",2,0)) | I11: =IF(F11="","",IF(F11="Так",2,0)) | K11: Частково виконано | L11: =COUNTIF(G4:G15,1) -> 0 | M11: =COUNTIF(H4:H15,1) -> 0 | N11: =COUNTIF(I4:I15,1) -> 0
C12: У місцях перетину пішохідні доріжки розташовані на одному рівні та не мають перешкод | G12: =IF(D12="","",IF(D12="Так",2,0)) | H12: =IF(E12="","",IF(E12="Так",2,0)) | I12: =IF(F12="","",IF(F12="Так",2,0)) | K12: Не виконано | L12: =COUNTIF(G4:G15,0) -> 0 | M12: =COUNTIF(H4:H15,0) -> 0 | N12: =COUNTIF(I4:I15,0) -> 0
C13: У темну пору доби наявне вуличне штучне освітлення шляхів руху | G13: =IF(D13="","",IF(D13="Так",2,0)) | H13: =IF(E13="","",IF(E13="Так",2,0)) | I13: =IF(F13="","",IF(F13="Так",2,0))
C14: На шляхах руху відсутні сходи або, у разі їх наявності, забезпечено альтернативні засоби доступу (пандус, підіймальні платформи, підйомники тощо). | G14: =IF(D14="","",IF(D14="Так",2,0)) | H14: =IF(E14="","",IF(E14="Так",2,0)) | I14: =IF(F14="","",IF(F14="Так",2,0))
C15: Перед небезпечними перешкодами для осіб з порушенням зору, а також паралельно до сходів, перед і після сходового маршу влаштовано попереджувальну тактильну смугу. | G15: =IF(D15="","",IF(D15="Так",2,0)) | H15: =IF(E15="","",IF(E15="Так",2,0)) | I15: =IF(F15="","",IF(F15="Так",2,0))
B16: 2. Вхідна зона та вхід у будівлю
B17: Вхідна група: Далі обрати один з трьох варіантів а) б) чи в) | C17: Простір перед вхідною групою (двері, пандус, сходи) є рівним та без пошкоджень покриття (ям, збитої плитки тощо). | G17: =IF(D17="","",IF(D17="Так",2,0)) | H17: =IF(E17="","",IF(E17="Так",2,0)) | I17: =IF(F17="","",IF(F17="Так",2,0))
C18: Простір перед вхідною групою є рівним та вільним від перешкод і перепадів висот. | G18: =IF(D18="","",IF(D18="Так",2,0)) | H18: =IF(E18="","",IF(E18="Так",2,0)) | I18: =IF(F18="","",IF(F18="Так",2,0))
C19: Перед вхідною групою передбачено вільну горизонтальну площину розміром не менше ніж 1,5 × 1,5 м. | G19: =IF(D19="","",IF(D19="Так",2,0)) | H19: =IF(E19="","",IF(E19="Так",2,0)) | I19: =IF(F19="","",IF(F19="Так",2,0))
B20: а) Якщо вхід в рівень | C20: Відсутні пороги. Якщо вони є – вони нівельовані пологим спуском з кутом нахилу до 4,6 градуса (8%). | G20: =IF(D20="","",IF(D20="Так",2,0)) | H20: =IF(E20="","",IF(E20="Так",2,0)) | I20: =IF(F20="","",IF(F20="Так",2,0))
B21: б) Якщо наявний пандус | C21: Нахил пандусу становить менш ніж 8 % (на 1 метр довжини по горизонтальній площині не більше ніж 8 сантиметрів підйому) | G21: =IF(D21="","",IF(D21="Так",2,0)) | H21: =IF(E21="","",IF(E21="Так",2,0)) | I21: =IF(F21="","",IF(F21="Так",2,0)) | K21: Столбец1 | L21: =$D$2 -> Оцінювання - ДАТА 1 | M21: =$E$2 -> Оцінювання - ДАТА 2 | N21: =$F$2 -> Оцінювання - ДАТА 3
C22: Якщо пандус понад 10 метрів: На пандусі мають бути спеціальні майданчики для відпочинку розміром не менше 1,5 × 1,5 м. Вони розміщуються після кожних 0,8 м підйому, тобто приблизно через кожні 10 метрів довжини пандуса. | G22: =IF(D22="","",IF(D22="Так",2,0)) | H22: =IF(E22="","",IF(E22="Так",2,0)) | I22: =IF(F22="","",IF(F22="Так",2,0)) | K22: Виконано | L22: =COUNTIF(G17:G38,2) -> 0 | M22: =COUNTIF(H17:H38,2) -> 0 | N22: =COUNTIF(I17:I38,2) -> 0
C23: Пандуси та сходи обладнані поручнями з обох боків; поручні розміщені на двох рівнях (0,7 м і 0,9 м) і мають горизонтальне продовження 0,3 м зверху та знизу. | G23: =IF(D23="","",IF(D23="Так",2,0)) | H23: =IF(E23="","",IF(E23="Так",2,0)) | I23: =IF(F23="","",IF(F23="Так",2,0)) | K23: Частково виконано | L23: =COUNTIF(G17:G38,1) -> 0 | M23: =COUNTIF(H17:H38,1) -> 0 | N23: =COUNTIF(I17:I38,1) -> 0
C24: У межах одного сходового маршу всі сходинки однакові за формою, шириною та висотою підйому. | G24: =IF(D24="","",IF(D24="Так",2,0)) | H24: =IF(E24="","",IF(E24="Так",2,0)) | I24: =IF(F24="","",IF(F24="Так",2,0)) | K24: Не виконано | L24: =COUNTIF(G17:G38,0) -> 0 | M24: =COUNTIF(H17:H38,0) -> 0 | N24: =COUNTIF(I17:I38,0) -> 0
C25: Пандус забезпечує не менше 1,2 м вільного простору для пересування. | G25: =IF(D25="","",IF(D25="Так",2,0)) | H25: =IF(E25="","",IF(E25="Так",2,0)) | I25: =IF(F25="","",IF(F25="Так",2,0))
C26: Матеріал пандуса неслизький | G26: =IF(D26="","",IF(D26="Так",2,0)) | H26: =IF(E26="","",IF(E26="Так",2,0)) | I26: =IF(F26="","",IF(F26="Так",2,0))
B27: в) Якщо наявний підйомник | C27: Він справний і людина може ним скористатись. | G27: =IF(D27="","",IF(D27="Так",2,0)) | H27: =IF(E27="","",IF(E27="Так",2,0)) | I27: =IF(F27="","",IF(F27="Так",2,0))
B28: Сходи (оцінюємо тільки у разі, якщо є підйомник або пандус) | C28: Однаковий розмір всіх сходинок | G28: =IF(D28="","",IF(D28="Так",2,0)) | H28: =IF(E28="","",IF(E28="Так",2,0)) | I28: =IF(F28="","",IF(F28="Так",2,0))
C29: Перша та остання сходинки контрастно промарковані по всій ширині: • на вертикальній поверхні — смугою шириною не менше 5 см; • на горизонтальній поверхні — смугою шириною не менше 10 см. | G29: =IF(D29="","",IF(D29="Так",2,0)) | H29: =IF(E29="","",IF(E29="Так",2,0)) | I29: =IF(F29="","",IF(F29="Так",2,0))
C30: Поручні сходів установлюються на двох рівнях: 0,7 м і 0,9 м. | G30: =IF(D30="","",IF(D30="Так",2,0)) | H30: =IF(E30="","",IF(E30="Так",2,0)) | I30: =IF(F30="","",IF(F30="Так",2,0))
B31: Вхід в будівлю | C31: Ширина усіх функціональних дверних отворів становить не менше ніж 0,9 м у просвіті. | G31: =IF(D31="","",IF(D31="Так",2,0)) | H31: =IF(E31="","",IF(E31="Так",2,0)) | I31: =IF(F31="","",IF(F31="Так",2,0))
C32: На вході відсутні перепади висоти підлоги. | G32: =IF(D32="","",IF(D32="Так",2,0)) | H32: =IF(E32="","",IF(E32="Так",2,0)) | I32: =IF(F32="","",IF(F32="Так",2,0))
C33: На вході не використовуються решітки для витирання ніг із отворами понад 1,5 см або з рівнем, що не збігається з рівнем підлоги. | G33: =IF(D33="","",IF(D33="Так",2,0)) | H33: =IF(E33="","",IF(E33="Так",2,0)) | I33: =IF(F33="","",IF(F33="Так",2,0))
C34: Майданчик перед входом, а також пандус, сходи та підіймальні пристрої для осіб з інвалідністю захищені від атмосферних опадів навісом. | G34: =IF(D34="","",IF(D34="Так",2,0)) | H34: =IF(E34="","",IF(E34="Так",2,0)) | I34: =IF(F34="","",IF(F34="Так",2,0))
B35: Вхідні двері | C35: Якщо наявні скляні двері – вони контрастно промарковані на висоті 1,2-1,5 м. | G35: =IF(D35="","",IF(D35="Так",2,0)) | H35: =IF(E35="","",IF(E35="Так",2,0)) | I35: =IF(F35="","",IF(F35="Так",2,0))
C36: Двері облаштовані пристосуванням для фіксації дверних стулок у положенні “відчинено” не менше, ніж на 5 секунд. | G36: =IF(D36="","",IF(D36="Так",2,0)) | H36: =IF(E36="","",IF(E36="Так",2,0)) | I36: =IF(F36="","",IF(F36="Так",2,0))
B37: Тамбури | C37: За наявності тамбуру: Глибина тамбурів становить не менше ніж 1,8 метра, ширина — не менше ніж 2,2 метра | G37: =IF(D37="","",IF(D37="Так",2,0)) | H37: =IF(E37="","",IF(E37="Так",2,0)) | I37: =IF(F37="","",IF(F37="Так",2,0))
B38: Турнікети | C38: Прохід без турнікета, або за наявності турнікета – його ширина проходу у просвіті становить не менше ніж 1 метр | G38: =IF(D38="","",IF(D38="Так",2,0)) | H38: =IF(E38="","",IF(E38="Так",2,0)) | I38: =IF(F38="","",IF(F38="Так",2,0))
B39: 3. Інформація та орієнтування (на вході)
B40: Інформаційна табличка | C40: Зовнішня інформаційна табличка: наявна | G40: =IF(D40="","",IF(D40="Так",2,0)) | H40: =IF(E40="","",IF(E40="Так",2,0)) | I40: =IF(F40="","",IF(F40="Так",2,0))
B41: За умови наявності інформаційної таблички: | C41: Містить інформацію про назву та адресу навчального закладу, режим роботи | G41: =IF(D41="","",IF(D41="Так",2,0)) | H41: =IF(E41="","",IF(E41="Так",2,0)) | I41: =IF(F41="","",IF(F41="Так",2,0))
C42: Виконана контрастно, з дублюванням шрифтом Брайля | G42: =IF(D42="","",IF(D42="Так",2,0)) | H42: =IF(E42="","",IF(E42="Так",2,0)) | I42: =IF(F42="","",IF(F42="Так",2,0))
C43: Висота розміщення: 1,2–1,5 м. | G43: =IF(D43="","",IF(D43="Так",2,0)) | H43: =IF(E43="","",IF(E43="Так",2,0)) | I43: =IF(F43="","",IF(F43="Так",2,0))
C44: Розташування: праворуч від дверей | G44: =IF(D44="","",IF(D44="Так",2,0)) | H44: =IF(E44="","",IF(E44="Так",2,0)) | I44: =IF(F44="","",IF(F44="Так",2,0))
B45: Тактильні смуги | C45: Попереджувальна тактильна смуга: наявна | G45: =IF(D45="","",IF(D45="Так",2,0)) | H45: =IF(E45="","",IF(E45="Так",2,0)) | I45: =IF(F45="","",IF(F45="Так",2,0)) | K45: Столбец1 | L45: =$D$2 -> Оцінювання - ДАТА 1 | M45: =$E$2 -> Оцінювання - ДАТА 2 | N45: =$F$2 -> Оцінювання - ДАТА 3
B46: За умови наявності тактильної смуги: | C46: Розташування: перед дверима / пандусом / сходами | G46: =IF(D46="","",IF(D46="Так",2,0)) | H46: =IF(E46="","",IF(E46="Так",2,0)) | I46: =IF(F46="","",IF(F46="Так",2,0)) | K46: Виконано | L46: =COUNTIF(G40:G54,2) -> 0 | M46: =COUNTIF(H40:H54,2) -> 0 | N46: =COUNTIF(I40:I54,2) -> 0
C47: Ширина: 0,4–0,6 м. | G47: =IF(D47="","",IF(D47="Так",2,0)) | H47: =IF(E47="","",IF(E47="Так",2,0)) | I47: =IF(F47="","",IF(F47="Так",2,0)) | K47: Частково виконано | L47: =COUNTIF(G40:G54,1) -> 0 | M47: =COUNTIF(H40:H54,1) -> 0 | N47: =COUNTIF(I40:I54,1) -> 0
C48: Відстань до перешкоди: 0,2–0,8 м. | G48: =IF(D48="","",IF(D48="Так",2,0)) | H48: =IF(E48="","",IF(E48="Так",2,0)) | I48: =IF(F48="","",IF(F48="Так",2,0)) | K48: Не виконано | L48: =COUNTIF(G40:G54,0) -> 0 | M48: =COUNTIF(H40:H54,0) -> 0 | N48: =COUNTIF(I40:I54,0) -> 0
C49: Орієнтація: паралельно перешкоді, по всій ширині. | G49: =IF(D49="","",IF(D49="Так",2,0)) | H49: =IF(E49="","",IF(E49="Так",2,0)) | I49: =IF(F49="","",IF(F49="Так",2,0))
B50: Навігація | C50: Шляхи руху оснащені засобами орієнтування та інформування для осіб з порушенням слуху, що відповідають вимогам державних стандартів (інформаційні термінали, екрани, табло з рухомим рядком, текстові та відеоповідомлення, переклад жестовою мовою, персональні пристрої для підсилення звуку тощо). | G50: =IF(D50="","",IF(D50="Так",2,0)) | H50: =IF(E50="","",IF(E50="Так",2,0)) | I50: =IF(F50="","",IF(F50="Так",2,0))
C51: На вході/виході встановлено план-схему будівлі з інформацією про розташування приміщень, у яких надаються послуги, на висоті 1,2–1,6 м від підлоги | G51: =IF(D51="","",IF(D51="Так",2,0)) | H51: =IF(E51="","",IF(E51="Так",2,0)) | I51: =IF(F51="","",IF(F51="Так",2,0))
C52: У приміщенні встановлено мнемосхему шляхів руху з дублюванням шрифтом Брайля, нахилену під кутом 20–30° та розміщену на висоті 0,9 м від підлоги. | G52: =IF(D52="","",IF(D52="Так",2,0)) | H52: =IF(E52="","",IF(E52="Так",2,0)) | I52: =IF(F52="","",IF(F52="Так",2,0))
B53: Інформаційна стійка | C53: Висота інформаційної стійки має бути 74-80 см. Простір під інформаційною стійкою забезпечує зручний підхід: висота — 68,5–69 см, глибина — не менше ніж 48 см. Інша сторона стійки має висоту 95–111 см. | G53: =IF(D53="","",IF(D53="Так",2,0)) | H53: =IF(E53="","",IF(E53="Так",2,0)) | I53: =IF(F53="","",IF(F53="Так",2,0))
B54: Інформаційна зона | C54: Розміщена на висоті 1,2-1,5 м. | G54: =IF(D54="","",IF(D54="Так",2,0)) | H54: =IF(E54="","",IF(E54="Так",2,0)) | I54: =IF(F54="","",IF(F54="Так",2,0))
B55: 4. Шляхи руху всередині будівлі (горизонтальні)
B56: Простір всередині (шляхи руху) | C56: У приміщенні немає порогів або вони компенсовані пологим спуском шириною від 1,2 м з нахилом до 8 %. | G56: =IF(D56="","",IF(D56="Так",2,0)) | H56: =IF(E56="","",IF(E56="Так",2,0)) | I56: =IF(F56="","",IF(F56="Так",2,0))
C57: Пороги, колони та інші об’єкти й перешкоди, небезпечні для осіб з порушенням зору, мають візуальний контраст; у разі його відсутності на них нанесено контрастне кольорове маркування. | G57: =IF(D57="","",IF(D57="Так",2,0)) | H57: =IF(E57="","",IF(E57="Так",2,0)) | I57: =IF(F57="","",IF(F57="Так",2,0))
B58: Проходи | C58: Ширина вільного від перешкод шляху руху в коридорах, приміщеннях, майстернях становить не менше ніж 1,8 метра — за умови зустрічного руху | G58: =IF(D58="","",IF(D58="Так",2,0)) | H58: =IF(E58="","",IF(E58="Так",2,0)) | I58: =IF(F58="","",IF(F58="Так",2,0)) | K58: Столбец1 | L58: =$D$2 -> Оцінювання - ДАТА 1 | M58: =$E$2 -> Оцінювання - ДАТА 2 | N58: =$F$2 -> Оцінювання - ДАТА 3
C59: Ширина проходів у приміщенні з обладнанням і меблями становить не менше ніж 1,2 м. | G59: =IF(D59="","",IF(D59="Так",2,0)) | H59: =IF(E59="","",IF(E59="Так",2,0)) | I59: =IF(F59="","",IF(F59="Так",2,0)) | K59: Виконано | L59: =COUNTIF(G56:G66,2) -> 0 | M59: =COUNTIF(H56:H66,2) -> 0 | N59: =COUNTIF(I56:I66,2) -> 0
C60: Висота столів, стійок і пониженої секції рецепції — 0,74–0,8 м, з вільним простором під стільницею не менше ніж 0,7 м у висоту та 0,48 м у глибину. | G60: =IF(D60="","",IF(D60="Так",2,0)) | H60: =IF(E60="","",IF(E60="Так",2,0)) | I60: =IF(F60="","",IF(F60="Так",2,0)) | K60: Частково виконано | L60: =COUNTIF(G56:G66,1) -> 0 | M60: =COUNTIF(H56:H66,1) -> 0 | N60: =COUNTIF(I56:I66,1) -> 0
B61: Двері всередині будівлі | C61: Двері мають візуальний контраст; у разі використання прозорих дверних (фасадних) конструкцій на них нанесено контрастне кольорове маркування на висоті 1,2–1,5 м. | G61: =IF(D61="","",IF(D61="Так",2,0)) | H61: =IF(E61="","",IF(E61="Так",2,0)) | I61: =IF(F61="","",IF(F61="Так",2,0)) | K61: Не виконано | L61: =COUNTIF(G56:G66,0) -> 0 | M61: =COUNTIF(H56:H66,0) -> 0 | N61: =COUNTIF(I56:I66,0) -> 0
C62: Ширина дверних отворів становить не менше ніж 0,9 м у просвіті. | G62: =IF(D62="","",IF(D62="Так",2,0)) | H62: =IF(E62="","",IF(E62="Так",2,0)) | I62: =IF(F62="","",IF(F62="Так",2,0))
B63: Колони/балки | C63: Усі колони контрастно позначені по всій довжині смугою шириною не менше ніж 0,1 м на висоті 1,2–1,5 м та не мають гострих виступаючих частин, що можуть спричинити травмування. | G63: =IF(D63="","",IF(D63="Так",2,0)) | H63: =IF(E63="","",IF(E63="Так",2,0)) | I63: =IF(F63="","",IF(F63="Так",2,0))
B64: Світло | C64: Рівень освітлення забезпечує безпечний прохід у коридорах і приміщеннях, зокрема на сходах, та сприяє орієнтуванню. | G64: =IF(D64="","",IF(D64="Так",2,0)) | H64: =IF(E64="","",IF(E64="Так",2,0)) | I64: =IF(F64="","",IF(F64="Так",2,0))
B65: Шляхи евакуації | C65: Шляхи евакуації та інформація про них є доступними для осіб з інвалідністю: широкі проходи (від 1,2 м), в разі наявності сходів – вони продублювані пандусами, ширина проходу у дверях від 0,9 м | G65: =IF(D65="","",IF(D65="Так",2,0)) | H65: =IF(E65="","",IF(E65="Так",2,0)) | I65: =IF(F65="","",IF(F65="Так",2,0))
C66: Пристрої сповіщення про надзвичайну ситуацію адаптовані для сприйняття особами з інвалідністю: інформація має бути у візуальному та аудіальному форматах. | G66: =IF(D66="","",IF(D66="Так",2,0)) | H66: =IF(E66="","",IF(E66="Так",2,0)) | I66: =IF(F66="","",IF(F66="Так",2,0))
B67: 5. Санітарно-гігієнічні приміщення
B68: Вбиральня | C68: Наявна універсальна вбиральня | G68: =IF(D68="","",IF(D68="Так",2,0)) | H68: =IF(E68="","",IF(E68="Так",2,0)) | I68: =IF(F68="","",IF(F68="Так",2,0))
C69: Розмір універсальної кабінки: 1,8 м на 1,65 м | G69: =IF(D69="","",IF(D69="Так",2,0)) | H69: =IF(E69="","",IF(E69="Так",2,0)) | I69: =IF(F69="","",IF(F69="Так",2,0))
C70: Поручні встановлено з обох боків унітазу на висоті 0,6 м та 0,8 м від підлоги; допускається виконання одного поручня стаціонарним (на висоті 0,8 м), іншого - відкидним. | G70: =IF(D70="","",IF(D70="Так",2,0)) | H70: =IF(E70="","",IF(E70="Так",2,0)) | I70: =IF(F70="","",IF(F70="Так",2,0)) | K70: Столбец1 | L70: =$D$2 -> Оцінювання - ДАТА 1 | M70: =$E$2 -> Оцінювання - ДАТА 2 | N70: =$F$2 -> Оцінювання - ДАТА 3
C71: Якщо є дзеркало: Його нижня межа розташована на висоті 0,85-0.9 м | G71: =IF(D71="","",IF(D71="Так",2,0)) | H71: =IF(E71="","",IF(E71="Так",2,0)) | I71: =IF(F71="","",IF(F71="Так",2,0)) | K71: Виконано | L71: =COUNTIF(G68:G74,2) -> 0 | M71: =COUNTIF(H68:H74,2) -> 0 | N71: =COUNTIF(I68:I74,2) -> 0
C72: Гачок для одягу, милиць, ціпка: наявний | G72: =IF(D72="","",IF(D72="Так",2,0)) | H72: =IF(E72="","",IF(E72="Так",2,0)) | I72: =IF(F72="","",IF(F72="Так",2,0)) | K72: Частково виконано | L72: =COUNTIF(G68:G74,1) -> 0 | M72: =COUNTIF(H68:H74,1) -> 0 | N72: =COUNTIF(I68:I74,1) -> 0
C73: Якщо є гачок для одягу, милиць, ціпка: Він розташований біля унітазу, на висоті 1,3 м від підлоги | G73: =IF(D73="","",IF(D73="Так",2,0)) | H73: =IF(E73="","",IF(E73="Так",2,0)) | I73: =IF(F73="","",IF(F73="Так",2,0)) | K73: Не виконано | L73: =COUNTIF(G68:G74,0) -> 0 | M73: =COUNTIF(H68:H74,0) -> 0 | N73: =COUNTIF(I68:I74,0) -> 0
C74: Якщо є сушарка та/або диспенсер для мила: Розташування на висоті до 1-1,2 м | G74: =IF(D74="","",IF(D74="Так",2,0)) | H74: =IF(E74="","",IF(E74="Так",2,0)) | I74: =IF(F74="","",IF(F74="Так",2,0))
B75: 6. Шляхи руху всередині будівлі (вертикальні) (застосовується тільки для будівель та споруд заввишки 2 поверхи і більше):
B76: Сходи | C76: У межах одного сходового маршу всі сходинки однакові за формою, шириною та висотою підйому. | G76: =IF(D76="","",IF(D76="Так",2,0)) | H76: =IF(E76="","",IF(E76="Так",2,0)) | I76: =IF(F76="","",IF(F76="Так",2,0))
C77: Перша та остання сходинки мають контрастне кольорове маркування: • на горизонтальній поверхні — шириною не менше 10 см; • на вертикальній поверхні — не менше 5 см. | G77: =IF(D77="","",IF(D77="Так",2,0)) | H77: =IF(E77="","",IF(E77="Так",2,0)) | I77: =IF(F77="","",IF(F77="Так",2,0))
B78: Ліфт | C78: Наявний справний ліфт, яким людина може скористатися | G78: =IF(D78="","",IF(D78="Так",2,0)) | H78: =IF(E78="","",IF(E78="Так",2,0)) | I78: =IF(F78="","",IF(F78="Так",2,0))
B79: За наявності ліфта: | C79: Ширина дверей ліфта у просвіті становить не менше ніж 0,9 м; ширина кабіни — не менше ніж 1,1 м, глибина кабіни — не менше ніж 1,4 м. | G79: =IF(D79="","",IF(D79="Так",2,0)) | H79: =IF(E79="","",IF(E79="Так",2,0)) | I79: =IF(F79="","",IF(F79="Так",2,0)) | K79: Столбец1 | L79: =$D$2 -> Оцінювання - ДАТА 1 | M79: =$E$2 -> Оцінювання - ДАТА 2 | N79: =$F$2 -> Оцінювання - ДАТА 3
C80: Висота розташування зовнішніх і внутрішніх кнопок керування ліфтом становить 85–110 см від підлоги. | G80: =IF(D80="","",IF(D80="Так",2,0)) | H80: =IF(E80="","",IF(E80="Так",2,0)) | I80: =IF(F80="","",IF(F80="Так",2,0)) | K80: Виконано | L80: =COUNTIF(G76:G85,2) -> 0 | M80: =COUNTIF(H76:H85,2) -> 0 | N80: =COUNTIF(I76:I85,2) -> 0
C81: Процес відкриття/закриття дверей ліфта супроводжується звуковим сигналом і голосовим повідомленням про номер поверху | G81: =IF(D81="","",IF(D81="Так",2,0)) | H81: =IF(E81="","",IF(E81="Так",2,0)) | I81: =IF(F81="","",IF(F81="Так",2,0)) | K81: Частково виконано | L81: =COUNTIF(G76:G85,1) -> 0 | M81: =COUNTIF(H76:H85,1) -> 0 | N81: =COUNTIF(I76:I85,1) -> 0
C82: Під час зупинки ліфта рівень підлоги кабіни залишається врівень із підлогою поверху; допускається відхилення не більше ніж 2 см. | G82: =IF(D82="","",IF(D82="Так",2,0)) | H82: =IF(E82="","",IF(E82="Так",2,0)) | I82: =IF(F82="","",IF(F82="Так",2,0)) | K82: Не виконано | L82: =COUNTIF(G76:G85,0) -> 0 | M82: =COUNTIF(H76:H85,0) -> 0 | N82: =COUNTIF(I76:I85,0) -> 0
C83: Номери поверхів на кнопках ліфта подані збільшеним шрифтом у контрастному кольоровому виконанні та продубльовані в тактильному вигляді і шрифтом Брайля. | G83: =IF(D83="","",IF(D83="Так",2,0)) | H83: =IF(E83="","",IF(E83="Так",2,0)) | I83: =IF(F83="","",IF(F83="Так",2,0))
C84: Позначення номера поверху розміщене на стіні, що знаходиться безпосередньо напроти дверей ліфта, у полі прямої видимості при виході з ліфта. | G84: =IF(D84="","",IF(D84="Так",2,0)) | H84: =IF(E84="","",IF(E84="Так",2,0)) | I84: =IF(F84="","",IF(F84="Так",2,0))
B85: У разі відсутності ліфта: | C85: Забезпечено можливість для надання послуги маломобільним групам населення на 1-му поверсі | G85: =IF(D85="","",IF(D85="Так",2,0)) | H85: =IF(E85="","",IF(E85="Так",2,0)) | I85: =IF(F85="","",IF(F85="Так",2,0))
C90: Столбец1 | D90: =D2 -> Оцінювання - ДАТА 1 | E90: =E2 -> Оцінювання - ДАТА 2 | F90: =F2 -> Оцінювання - ДАТА 3
C91: Виконано | D91: =COUNTIF(G4:G85,2) -> 0 | E91: =COUNTIF(H4:H85,2) -> 0 | F91: =COUNTIF(I4:I85,2) -> 0
C92: Частково виконано | D92: =COUNTIF(G4:G85,1) -> 0 | E92: =COUNTIF(H4:H85,1) -> 0 | F92: =COUNTIF(I4:I85,1) -> 0
C93: Не виконано | D93: =COUNTIF(G4:G85,0) -> 0 | E93: =COUNTIF(H4:H85,0) -> 0 | F93: =COUNTIF(I4:I85,0) -> 0

Sheet 2. Доступність навч. матеріалів
B2: Показник | C2: ='1. Фізична доступність'!D2 -> Оцінювання - ДАТА 1 | D2: ='1. Фізична доступність'!E2 -> Оцінювання - ДАТА 2 | E2: ='1. Фізична доступність'!F2 -> Оцінювання - ДАТА 3 | F2: Поточна динаміка
B3: Є підручники у цифровому або адаптованому форматі | F3: =IF(C3="","",IF(C3="Зовсім немає",0,IF(C3="Наявні частково",1,IF(C3="Наявні повною мірою",2,"")))) | G3: =IF(D3="","",IF(D3="Зовсім немає",0,IF(D3="Наявні частково",1,IF(D3="Наявні повною мірою",2,"")))) | H3: =IF(E3="","",IF(E3="Зовсім немає",0,IF(E3="Наявні частково",1,IF(E3="Наявні повною мірою",2,"")))) | K3: Столбец1 | L3: =C2 -> Оцінювання - ДАТА 1 | M3: =D2 -> Оцінювання - ДАТА 2 | N3: =E2 -> Оцінювання - ДАТА 3
B4: Є навчальні матеріали зі шрифтом Брайля / великим шрифтом | F4: =IF(C4="","",IF(C4="Зовсім немає",0,IF(C4="Наявні частково",1,IF(C4="Наявні повною мірою",2,"")))) | G4: =IF(D4="","",IF(D4="Зовсім немає",0,IF(D4="Наявні частково",1,IF(D4="Наявні повною мірою",2,"")))) | H4: =IF(E4="","",IF(E4="Зовсім немає",0,IF(E4="Наявні частково",1,IF(E4="Наявні повною мірою",2,"")))) | I4: Так | J4: Зовсім немає | K4: Виконано | L4: =COUNTIF(F3:F8,2) -> 0 | M4: =COUNTIF(G3:G8,2) -> 0 | N4: =COUNTIF(H3:H8,2) -> 0
B5: Навчальні відео мають субтитри / жестовий переклад | F5: =IF(C5="","",IF(C5="Зовсім немає",0,IF(C5="Наявні частково",1,IF(C5="Наявні повною мірою",2,"")))) | G5: =IF(D5="","",IF(D5="Зовсім немає",0,IF(D5="Наявні частково",1,IF(D5="Наявні повною мірою",2,"")))) | H5: =IF(E5="","",IF(E5="Зовсім немає",0,IF(E5="Наявні частково",1,IF(E5="Наявні повною мірою",2,"")))) | I5: Ні | J5: Наявні частково | K5: Частково виконано | L5: =COUNTIF(F3:F8,1) -> 0 | M5: =COUNTIF(G3:G8,1) -> 0 | N5: =COUNTIF(H3:H8,1) -> 0
B6: Можливе використання зчитувача з екрану (скрінрідерів) | F6: =IF(C6="","",IF(C6="Так",2,0)) | G6: =IF(D6="","",IF(D6="Так",2,0)) | H6: =IF(E6="","",IF(E6="Так",2,0)) | J6: Наявні повною мірою | K6: Не виконано | L6: =COUNTIF(F3:F8,0) -> 0 | M6: =COUNTIF(G3:G8,0) -> 0 | N6: =COUNTIF(H3:H8,0) -> 0
B7: Доступні альтернативні форми завдань і тестування | F7: =IF(C7="","",IF(C7="Зовсім немає",0,IF(C7="Наявні частково",1,IF(C7="Наявні повною мірою",2,"")))) | G7: =IF(D7="","",IF(D7="Зовсім немає",0,IF(D7="Наявні частково",1,IF(D7="Наявні повною мірою",2,"")))) | H7: =IF(E7="","",IF(E7="Зовсім немає",0,IF(E7="Наявні частково",1,IF(E7="Наявні повною мірою",2,""))))
B8: Можливість розробити індивідуальний графік навчання | F8: =IF(C8="","",IF(C8="Так",2,0)) | G8: =IF(D8="","",IF(D8="Так",2,0)) | H8: =IF(E8="","",IF(E8="Так",2,0))

Sheet 3. Інклюзивні методи навчання
B2: Показник | C2: ='1. Фізична доступність'!D2 -> Оцінювання - ДАТА 1 | D2: ='1. Фізична доступність'!E2 -> Оцінювання - ДАТА 2 | E2: ='1. Фізична доступність'!F2 -> Оцінювання - ДАТА 3 | F2: Поточна динаміка
B3: Є індивідуальні навчальні плани для студентів з ООП | F3: =IF(C3="","",IF(C3="Зовсім немає",0,IF(C3="Наявні частково",1,IF(C3="Наявні повною мірою",2,"")))) | G3: =IF(D3="","",IF(D3="Зовсім немає",0,IF(D3="Наявні частково",1,IF(D3="Наявні повною мірою",2,"")))) | H3: =IF(E3="","",IF(E3="Зовсім немає",0,IF(E3="Наявні частково",1,IF(E3="Наявні повною мірою",2,"")))) | K3: Столбец1 | L3: =C2 -> Оцінювання - ДАТА 1 | M3: =D2 -> Оцінювання - ДАТА 2 | N3: =E2 -> Оцінювання - ДАТА 3
B4: Викладачі мають підготовку з інклюзивної освіти | F4: =IF(C4="","",IF(C4="Зовсім немає",0,IF(C4="Наявні частково",1,IF(C4="Наявні повною мірою",2,"")))) | G4: =IF(D4="","",IF(D4="Зовсім немає",0,IF(D4="Наявні частково",1,IF(D4="Наявні повною мірою",2,"")))) | H4: =IF(E4="","",IF(E4="Зовсім немає",0,IF(E4="Наявні частково",1,IF(E4="Наявні повною мірою",2,"")))) | I4: Так | J4: Зовсім немає | K4: Виконано | L4: =COUNTIF(F3:F6,2) -> 0 | M4: =COUNTIF(G3:G6,2) -> 0 | N4: =COUNTIF(H3:H6,2) -> 0
B5: Заклад має асистентів учня/учениці або супровідників | F5: =IF(C5="","",IF(C5="Так",2,0)) | G5: =IF(D5="","",IF(D5="Так",2,0)) | H5: =IF(E5="","",IF(E5="Так",2,0)) | I5: Ні | J5: Наявні частково | K5: Частково виконано | L5: =COUNTIF(F3:F6,1) -> 0 | M5: =COUNTIF(G3:G6,1) -> 0 | N5: =COUNTIF(H3:H6,1) -> 0
B6: Психологічна підтримка доступна за запитом | F6: =IF(C6="","",IF(C6="Так",2,0)) | G6: =IF(D6="","",IF(D6="Так",2,0)) | H6: =IF(E6="","",IF(E6="Так",2,0)) | J6: Наявні повною мірою | K6: Не виконано | L6: =COUNTIF(F3:F6,0) -> 0 | M6: =COUNTIF(G3:G6,0) -> 0 | N6: =COUNTIF(H3:H6,0) -> 0

Sheet 4. Комунікаційна доступність
B2: Показник | C2: ='1. Фізична доступність'!D2 -> Оцінювання - ДАТА 1 | D2: ='1. Фізична доступність'!E2 -> Оцінювання - ДАТА 2 | E2: ='1. Фізична доступність'!F2 -> Оцінювання - ДАТА 3 | F2: Поточна динаміка
B3: Інформація надається з урахуванням індивідуальних потреб осіб з інвалідністю шляхом використання письмового, усного та жестового форматів інформування. | F3: =IF(C3="","",IF(C3="Так, повною мірою",2,IF(C3="Так, частково",1,IF(C3="Ні",0,"")))) | G3: =IF(D3="","",IF(D3="Так, повною мірою",2,IF(D3="Так, частково",1,IF(D3="Ні",0,"")))) | H3: =IF(E3="","",IF(E3="Так, повною мірою",2,IF(E3="Так, частково",1,IF(E3="Ні",0,"")))) | K3: Столбец1 | L3: =C2 -> Оцінювання - ДАТА 1 | M3: =D2 -> Оцінювання - ДАТА 2 | N3: =E2 -> Оцінювання - ДАТА 3
B4: Вебсайт закладу відповідає вимогам WCAG: контент є сприйнятним, зрозумілим і керованим для користувачів з інвалідністю. | F4: =IF(C4="","",IF(C4="Так, повною мірою",2,IF(C4="Так, частково",1,IF(C4="Ні",0,"")))) | G4: =IF(D4="","",IF(D4="Так, повною мірою",2,IF(D4="Так, частково",1,IF(D4="Ні",0,"")))) | H4: =IF(E4="","",IF(E4="Так, повною мірою",2,IF(E4="Так, частково",1,IF(E4="Ні",0,"")))) | I4: Так | J4: Так, повною мірою | K4: Виконано | L4: =COUNTIF(F3:F6,2) -> 0 | M4: =COUNTIF(G3:G6,2) -> 0 | N4: =COUNTIF(H3:H6,2) -> 0
B5: Контент у соціальних мережах подається простою мовою, з альтернативним текстом до зображень і маркованими списками. | F5: =IF(C5="","",IF(C5="Так, повною мірою",2,IF(C5="Так, частково",1,IF(C5="Ні",0,"")))) | G5: =IF(D5="","",IF(D5="Так, повною мірою",2,IF(D5="Так, частково",1,IF(D5="Ні",0,"")))) | H5: =IF(E5="","",IF(E5="Так, повною мірою",2,IF(E5="Так, частково",1,IF(E5="Ні",0,"")))) | I5: Ні | J5: Так, частково | K5: Частково виконано | L5: =COUNTIF(F3:F6,1) -> 0 | M5: =COUNTIF(G3:G6,1) -> 0 | N5: =COUNTIF(H3:H6,1) -> 0
B6: Вивіски й навігація виконані з урахуванням доступності (контраст, Брайль, піктограми). | F6: =IF(C6="","",IF(C6="Так, повною мірою",2,IF(C6="Так, частково",1,IF(C6="Ні",0,"")))) | G6: =IF(D6="","",IF(D6="Так, повною мірою",2,IF(D6="Так, частково",1,IF(D6="Ні",0,"")))) | H6: =IF(E6="","",IF(E6="Так, повною мірою",2,IF(E6="Так, частково",1,IF(E6="Ні",0,"")))) | J6: Ні | K6: Не виконано | L6: =COUNTIF(F3:F6,0) -> 0 | M6: =COUNTIF(G3:G6,0) -> 0 | N6: =COUNTIF(H3:H6,0) -> 0

Sheet 5. Адм. підтримка, політики
B2: Показник | C2: ='1. Фізична доступність'!D2 -> Оцінювання - ДАТА 1 | D2: ='1. Фізична доступність'!E2 -> Оцінювання - ДАТА 2 | E2: ='1. Фізична доступність'!F2 -> Оцінювання - ДАТА 3 | F2: Поточна динаміка
B3: У закладі є політика інклюзії та рівного доступу | F3: =IF(C3="","",IF(C3="Так",2,0)) | G3: =IF(D3="","",IF(D3="Так",2,0)) | H3: =IF(E3="","",IF(E3="Так",2,0)) | K3: Столбец1 | L3: =C2 -> Оцінювання - ДАТА 1 | M3: =D2 -> Оцінювання - ДАТА 2 | N3: =E2 -> Оцінювання - ДАТА 3
B4: Призначено відповідального за інклюзивність / доступність | F4: =IF(C4="","",IF(C4="Так",2,0)) | G4: =IF(D4="","",IF(D4="Так",2,0)) | H4: =IF(E4="","",IF(E4="Так",2,0)) | I4: Так | J4: Зовсім немає | K4: Виконано | L4: =COUNTIF(F3:F9,2) -> 0 | M4: =COUNTIF(G3:G9,2) -> 0 | N4: =COUNTIF(H3:H9,2) -> 0
B5: Заклад співпрацює з фахівцями або ГО, що працюють з людьми з інвалідністю | F5: =IF(C5="","",IF(C5="Так",2,0)) | G5: =IF(D5="","",IF(D5="Так",2,0)) | H5: =IF(E5="","",IF(E5="Так",2,0)) | I5: Ні | J5: Наявні частково | K5: Частково виконано | L5: =COUNTIF(F3:F9,1) -> 0 | M5: =COUNTIF(G3:G9,1) -> 0 | N5: =COUNTIF(H3:H9,1) -> 0
B6: Інклюзивність враховується під час планування бюджету та закупівель. | F6: =IF(C6="","",IF(C6="Так",2,0)) | G6: =IF(D6="","",IF(D6="Так",2,0)) | H6: =IF(E6="","",IF(E6="Так",2,0)) | J6: Наявні повною мірою | K6: Не виконано | L6: =COUNTIF(F3:F9,0) -> 0 | M6: =COUNTIF(G3:G9,0) -> 0 | N6: =COUNTIF(H3:H9,0) -> 0
B7: Розроблено та затверджено план заходів з підвищення доступності. | F7: =IF(C7="","",IF(C7="Так",2,0)) | G7: =IF(D7="","",IF(D7="Так",2,0)) | H7: =IF(E7="","",IF(E7="Так",2,0))
B8: Працівники проходять регулярне навчання з питань інклюзії та взаємодії з людьми з інвалідністю. | F8: =IF(C8="","",IF(C8="Так",2,0)) | G8: =IF(D8="","",IF(D8="Так",2,0)) | H8: =IF(E8="","",IF(E8="Так",2,0))
B9: Регулярно проводиться оцінка рівня доступності закладу. | F9: =IF(C9="","",IF(C9="Так",2,0)) | G9: =IF(D9="","",IF(D9="Так",2,0)) | H9: =IF(E9="","",IF(E9="Так",2,0))

Sheet 6. Соціальна інклюзія
B2: Показник | C2: ='1. Фізична доступність'!D2 -> Оцінювання - ДАТА 1 | D2: ='1. Фізична доступність'!E2 -> Оцінювання - ДАТА 2 | E2: ='1. Фізична доступність'!F2 -> Оцінювання - ДАТА 3 | F2: Поточна динаміка
B3: Проводяться інформаційні або просвітницькі заходи з теми інклюзії, протидії дискримінації та булінгу | F3: =IF(C3="","",IF(C3="Так",2,0)) | G3: =IF(D3="","",IF(D3="Так",2,0)) | H3: =IF(E3="","",IF(E3="Так",2,0)) | K3: Столбец1 | L3: =C2 -> Оцінювання - ДАТА 1 | M3: =D2 -> Оцінювання - ДАТА 2 | N3: =E2 -> Оцінювання - ДАТА 3
B4: Наявний механізм подання звернень і скарг щодо доступності (онлайн / офлайн). | F4: =IF(C4="","",IF(C4="Так",2,0)) | G4: =IF(D4="","",IF(D4="Так",2,0)) | H4: =IF(E4="","",IF(E4="Так",2,0)) | I4: Так | J4: Так, повною мірою | K4: Виконано | L4: =COUNTIF(F3:F7,2) -> 0 | M4: =COUNTIF(G3:G7,2) -> 0 | N4: =COUNTIF(H3:H7,2) -> 0
B5: Зворотний зв’язок від осіб з інвалідністю враховується під час ухвалення рішень щодо доступності закладу. | F5: =IF(C5="","",IF(C5="Так",2,0)) | G5: =IF(D5="","",IF(D5="Так",2,0)) | H5: =IF(E5="","",IF(E5="Так",2,0)) | I5: Ні | J5: Так, частково | K5: Частково виконано | L5: =COUNTIF(F3:F7,1) -> 0 | M5: =COUNTIF(G3:G7,1) -> 0 | N5: =COUNTIF(H3:H7,1) -> 0
B6: Гуртки, секції та події враховують потреби різних категорій студентів/учнів | F6: =IF(C6="","",IF(C6="Так, повною мірою",2,IF(C6="Так, частково",1,IF(C6="Ні",0,"")))) | G6: =IF(D6="","",IF(D6="Так, повною мірою",2,IF(D6="Так, частково",1,IF(D6="Ні",0,"")))) | H6: =IF(E6="","",IF(E6="Так, повною мірою",2,IF(E6="Так, частково",1,IF(E6="Ні",0,"")))) | J6: Ні | K6: Не виконано | L6: =COUNTIF(F3:F7,0) -> 0 | M6: =COUNTIF(G3:G7,0) -> 0 | N6: =COUNTIF(H3:H7,0) -> 0
B7: Екскурсії, поїздки та позакласні заходи адаптуються з урахуванням потреб учнів/студентів та персоналу з інвалідністю: продумані зупинки, доступні простори наявність універсальних вбиралень тощо | F7: =IF(C7="","",IF(C7="Так, повною мірою",2,IF(C7="Так, частково",1,IF(C7="Ні",0,"")))) | G7: =IF(D7="","",IF(D7="Так, повною мірою",2,IF(D7="Так, частково",1,IF(D7="Ні",0,"")))) | H7: =IF(E7="","",IF(E7="Так, повною мірою",2,IF(E7="Так, частково",1,IF(E7="Ні",0,""))))

Sheet Загальний результат
B2: Загальний результат
B6: Столбец1 | C6: ='1. Фізична доступність'!D2 -> Оцінювання - ДАТА 1 | D6: ='1. Фізична доступність'!E2 -> Оцінювання - ДАТА 2 | E6: ='1. Фізична доступність'!F2 -> Оцінювання - ДАТА 3
B7: Виконано | C7: =SUM('1. Фізична доступність'!D91+'2. Доступність навч. матеріалів'!L4+'3. Інклюзивні методи навчання'!L4+'4. Комунікаційна доступність'!L4+'5. Адм. підтримка, політики'!L4+'6. Соціальна інклюзія'!L4) -> 0 | D7: =SUM('1. Фізична доступність'!E91+'2. Доступність навч. матеріалів'!M4+'3. Інклюзивні методи навчання'!M4+'4. Комунікаційна доступність'!M4+'5. Адм. підтримка, політики'!M4+'6. Соціальна інклюзія'!M4) -> 0 | E7: =SUM('1. Фізична доступність'!F91+'2. Доступність навч. матеріалів'!N4+'3. Інклюзивні методи навчання'!N4+'4. Комунікаційна доступність'!N4+'5. Адм. підтримка, політики'!N4+'6. Соціальна інклюзія'!N4) -> 0
B8: Частково виконано | C8: =SUM('1. Фізична доступність'!D92+'2. Доступність навч. матеріалів'!L5+'3. Інклюзивні методи навчання'!L5+'4. Комунікаційна доступність'!L5+'5. Адм. підтримка, політики'!L5+'6. Соціальна інклюзія'!L5) -> 0 | D8: =SUM('1. Фізична доступність'!E92+'2. Доступність навч. матеріалів'!M5+'3. Інклюзивні методи навчання'!M5+'4. Комунікаційна доступність'!M5+'5. Адм. підтримка, політики'!M5+'6. Соціальна інклюзія'!M5) -> 0 | E8: =SUM('1. Фізична доступність'!F92+'2. Доступність навч. матеріалів'!N5+'3. Інклюзивні методи навчання'!N5+'4. Комунікаційна доступність'!N5+'5. Адм. підтримка, політики'!N5+'6. Соціальна інклюзія'!N5) -> 0
B9: Не виконано | C9: =SUM('1. Фізична доступність'!D93+'2. Доступність навч. матеріалів'!L6+'3. Інклюзивні методи навчання'!L6+'4. Комунікаційна доступність'!L6+'5. Адм. підтримка, політики'!L6+'6. Соціальна інклюзія'!L6) -> 0 | D9: =SUM('1. Фізична доступність'!E93+'2. Доступність навч. матеріалів'!M6+'3. Інклюзивні методи навчання'!M6+'4. Комунікаційна доступність'!M6+'5. Адм. підтримка, політики'!M6+'6. Соціальна інклюзія'!M6) -> 0 | E9: =SUM('1. Фізична доступність'!F93+'2. Доступність навч. матеріалів'!N6+'3. Інклюзивні методи навчання'!N6+'4. Комунікаційна доступність'!N6+'5. Адм. підтримка, політики'!N6+'6. Соціальна інклюзія'!N6) -> 0
